source,query_id,passage_num,doc_idx,is_positive_doc,doc_type,logprob_degradation,fact_degradation,layer_0_drift,layer_16_drift,layer_32_drift,is_causally_important,baseline_fact_score,baseline_correct,baseline_logprob
sweep,0,3.0,0,False,negative,-1.578125,0,0.0,1.1528974113086397,13.394307458555593,False,0,False,-2.375
sweep,0,3.0,1,False,negative,0.375,0,0.0,0.7699229790403619,5.817804193919793,False,0,False,-2.375
sweep,0,3.0,2,True,positive,-65.625,0,0.0,3.21715915197687,36.269408830594365,True,0,False,-2.375
sweep,1,3.0,0,True,positive,-17.4375,0,0.0,1.5063862189343165,19.226486775250976,True,0,False,-13.4375
sweep,1,3.0,1,False,negative,-1.4375,0,0.0,1.1182342107675498,12.659741559466962,False,0,False,-13.4375
sweep,1,3.0,2,False,negative,-80.5625,0,0.0,2.4583560639655313,31.93060864822112,True,0,False,-13.4375
sweep,2,3.0,0,False,negative,-1.54296875,0,0.0,1.8468712010569852,18.070924938086883,False,0,False,-0.92578125
sweep,2,3.0,1,False,negative,-0.41796875,0,0.0,1.5435633601241807,11.506138469942645,False,0,False,-0.92578125
sweep,2,3.0,2,True,positive,-12.13671875,0,0.0,2.333975397831821,23.70961481007561,True,0,False,-0.92578125
sweep,3,3.0,0,True,positive,-0.32421875,0,0.0,1.3697320845184466,9.09613433306272,False,0,False,-0.40234375
sweep,3,3.0,1,False,negative,-0.076171875,0,0.0,1.3311144199744316,9.859958798314373,False,0,False,-0.40234375
sweep,3,3.0,2,False,negative,-0.61328125,0,0.0,1.4437359869444022,10.227465580250978,False,0,False,-0.40234375
sweep,4,3.0,0,True,positive,-1.0625,0,0.0,1.7128441886668981,19.21839465728324,False,0,False,-2.671875
sweep,4,3.0,1,False,negative,-54.578125,0,0.0,3.3293424285811746,36.36174519035984,True,0,False,-2.671875
sweep,4,3.0,2,False,negative,-0.140625,0,0.0,2.0487933833308807,10.498093006903384,False,0,False,-2.671875
sweep,5,3.0,0,False,negative,-3.4375,0,0.0,1.4709641913744882,16.714202450119508,True,0,False,-4.75
sweep,5,3.0,1,False,negative,0.0625,0,0.0,0.5619280794826833,5.669694728161999,False,0,False,-4.75
sweep,5,3.0,2,True,positive,-50.0,0,0.0,3.7600392969084844,42.28605378326151,True,0,False,-4.75
sweep,6,3.0,0,False,negative,-2.4375,0,0.0,1.410109902332586,19.22361677257888,True,0,False,-5.34375
sweep,6,3.0,1,False,negative,-0.3125,0,0.0,0.9428853140460277,8.712292194349208,False,0,False,-5.34375
sweep,6,3.0,2,True,positive,-30.65625,-1,0.0,2.4420596557057572,27.41165938598277,True,0,False,-5.34375
sweep,7,3.0,0,True,positive,-4.28125,0,0.0,1.4188382814714018,21.09818815420301,True,0,False,-4.40625
sweep,7,3.0,1,False,negative,0.734375,0,0.0,0.5922768642492642,13.240496148819881,False,0,False,-4.40625
sweep,7,3.0,2,False,negative,-27.59375,0,0.0,2.757773809226992,28.443789360649053,True,0,False,-4.40625
sweep,8,3.0,0,False,negative,-7.8125,0,0.0,1.1503827677075655,14.377626215138264,True,0,False,-9.6875
sweep,8,3.0,1,False,negative,-6.25,0,0.0,0.8233412443955489,9.268882822509717,True,0,False,-9.6875
sweep,8,3.0,2,True,positive,-10.3125,0,0.0,1.4370213656953053,17.278460175973372,True,0,False,-9.6875
sweep,9,3.0,0,True,positive,-0.150390625,0,0.0,0.7904942025480955,9.14762435925846,False,0,False,-0.369140625
sweep,9,3.0,1,False,negative,-0.02734375,0,0.0,1.206296995985985,12.372022853222031,False,0,False,-0.369140625
sweep,9,3.0,2,False,negative,-12.255859375,0,0.0,2.4641227562868555,29.179274462458906,True,0,False,-0.369140625
sweep,0,5.0,0,False,negative,-1.859375,0,0.0,1.548742154220214,15.087567134391756,False,0,False,-2.546875
sweep,0,5.0,1,False,negative,-0.421875,0,0.0,0.9379118917090262,8.818655431563817,False,0,False,-2.546875
sweep,0,5.0,2,False,negative,-0.109375,0,0.0,0.5414808736264327,4.512168491199049,False,0,False,-2.546875
sweep,0,5.0,3,True,positive,0.9765625,0,0.0,1.1530770235889587,11.778905540486718,False,0,False,-2.546875
sweep,0,5.0,4,True,positive,-14.828125,0,0.0,1.580793268370535,18.033409980709983,True,0,False,-2.546875
sweep,1,5.0,0,False,negative,-1.8046875,0,0.0,1.2463209743460153,11.822207985282693,False,0,False,-1.3984375
sweep,1,5.0,1,True,positive,0.48828125,0,0.0,0.4555706834354579,6.763883698886374,False,0,False,-1.3984375
sweep,1,5.0,2,False,negative,-0.9921875,0,0.0,1.4333727245231584,10.143854851671415,False,0,False,-1.3984375
sweep,1,5.0,3,False,negative,-3.0703125,0,0.0,1.3510827221781474,9.634268031107231,True,0,False,-1.3984375
sweep,1,5.0,4,True,positive,0.6953125,0,0.0,1.4428181535804212,10.477566761769896,False,0,False,-1.3984375
sweep,2,5.0,0,False,negative,0.01953125,0,0.0,1.408102640678413,11.270494585261819,False,0,False,-0.69140625
sweep,2,5.0,1,False,negative,0.109375,0,0.0,1.5128381334345482,14.046455886474348,False,0,False,-0.69140625
sweep,2,5.0,2,False,negative,0.14453125,0,0.0,1.4350037594151865,10.8826383223904,False,0,False,-0.69140625
sweep,2,5.0,3,True,positive,-1.01953125,0,0.0,1.8010415966185693,14.96293197210987,False,0,False,-0.69140625
sweep,2,5.0,4,True,positive,-0.38671875,0,0.0,0.9428837079511829,10.721301091121239,False,0,False,-0.69140625
sweep,3,5.0,0,False,negative,-36.5,0,0.0,3.5828617045317643,40.650953817677525,True,1,True,-4.25
sweep,3,5.0,1,False,negative,-1.90625,0,0.0,1.5398273994783551,15.684814346001406,False,1,True,-4.25
sweep,3,5.0,2,True,positive,0.0625,0,0.0,1.1086248796752511,7.981478059268547,False,1,True,-4.25
sweep,3,5.0,3,False,negative,-0.3125,0,0.0,1.2153766301806155,8.635613589379139,False,1,True,-4.25
sweep,3,5.0,4,True,positive,-2.8125,1,0.0,1.822769060845559,12.74724292149759,True,1,True,-4.25
sweep,4,5.0,0,False,negative,0.08984375,0,0.0,1.0196838883567967,9.77795667711784,False,0,False,-0.99609375
sweep,4,5.0,1,True,positive,0.22265625,0,0.0,0.6167447748388346,8.074719014078363,False,0,False,-0.99609375
sweep,4,5.0,2,False,negative,-0.12109375,0,0.0,0.9945856477684657,8.734203948103449,False,0,False,-0.99609375
sweep,4,5.0,3,False,negative,0.140625,0,0.0,0.6286129528614576,6.164214903185934,False,0,False,-0.99609375
sweep,4,5.0,4,True,positive,-29.12890625,0,0.0,2.9125085086829596,31.64014328519759,True,0,False,-0.99609375
sweep,5,5.0,0,False,negative,-1.3203125,0,0.0,0.8626912949469291,9.637021931402566,False,0,False,-1.5390625
sweep,5,5.0,1,False,negative,0.40625,0,0.0,1.1590085272107042,9.46748794393899,False,0,False,-1.5390625
sweep,5,5.0,2,False,negative,-0.1640625,0,0.0,0.3594355406291974,4.574031472904694,False,0,False,-1.5390625
sweep,5,5.0,3,True,positive,-3.3671875,0,0.0,1.815865137537852,15.686122826236506,True,0,False,-1.5390625
sweep,5,5.0,4,True,positive,-2.9296875,0,0.0,1.7327912892300437,16.332481714714856,True,0,False,-1.5390625
sweep,6,5.0,0,False,negative,-0.53125,0,0.0,0.8930489624504113,9.473192797529993,False,0,False,-6.53125
sweep,6,5.0,1,False,negative,0.34375,0,0.0,0.5980529220980714,8.460448590513455,False,0,False,-6.53125
sweep,6,5.0,2,False,negative,0.09375,0,0.0,0.5099683575889259,5.93001804774868,False,0,False,-6.53125
sweep,6,5.0,3,True,positive,-12.21875,0,0.0,2.019888567810315,20.697527104620626,True,0,False,-6.53125
sweep,6,5.0,4,True,positive,-1.03125,0,0.0,1.1116152670321071,7.500005085460075,False,0,False,-6.53125
sweep,7,5.0,0,False,negative,0.125,0,0.0,0.4718075819583541,5.615768301690185,False,0,False,-2.671875
sweep,7,5.0,1,False,negative,-1.796875,0,0.0,1.6004845079907826,13.710167624017025,False,0,False,-2.671875
sweep,7,5.0,2,True,positive,-1.1875,0,0.0,1.1314278466054302,14.205058987417713,False,0,False,-2.671875
sweep,7,5.0,3,False,negative,0.5,0,0.0,0.93866940254095,10.083730811449028,False,0,False,-2.671875
sweep,7,5.0,4,True,positive,-22.703125,0,0.0,1.878675060245586,23.271798585175077,True,0,False,-2.671875
sweep,8,5.0,0,False,negative,-0.6875,0,0.0,0.6292885884277427,8.39518559720923,False,0,False,-8.6875
sweep,8,5.0,1,False,negative,-0.9375,0,0.0,0.5828158794161032,6.481932698041269,False,0,False,-8.6875
sweep,8,5.0,2,False,negative,-25.5625,0,0.0,1.5151291285561277,21.303603569526732,True,0,False,-8.6875
sweep,8,5.0,3,True,positive,-2.5,0,0.0,1.0101114628788435,11.308901892845924,True,0,False,-8.6875
sweep,8,5.0,4,True,positive,-1.25,0,0.0,0.889131943720116,11.534676171518592,False,0,False,-8.6875
sweep,9,5.0,0,False,negative,-0.3046875,0,0.0,0.7058008895766239,8.983103999906302,False,0,False,-0.28515625
sweep,9,5.0,1,True,positive,-0.189453125,0,0.0,0.6872432483686913,10.669871118979783,False,0,False,-0.28515625
sweep,9,5.0,2,False,negative,0.0546875,0,0.0,1.666933148558621,13.983732281069239,False,0,False,-0.28515625
sweep,9,5.0,3,False,negative,-0.044921875,0,0.0,0.26365511074767384,3.911264848317341,False,0,False,-0.28515625
sweep,9,5.0,4,True,positive,-0.0078125,0,0.0,1.6157073963038255,11.517174988512664,False,0,False,-0.28515625
sweep,0,7.0,0,False,negative,-1.625,0,0.0,1.5248684098720595,11.401310787680613,False,0,False,-8.25
sweep,0,7.0,1,True,positive,-21.875,0,0.0,1.2468136567455301,15.586647405588694,True,0,False,-8.25
sweep,0,7.0,2,True,positive,-28.5,0,0.0,1.4909369055662574,19.66351238273981,True,0,False,-8.25
sweep,0,7.0,3,False,negative,-0.5625,0,0.0,0.8710961315490384,4.866411738103445,False,0,False,-8.25
sweep,0,7.0,4,False,negative,-1.125,0,0.0,0.9743863692858646,5.723673018653534,False,0,False,-8.25
sweep,0,7.0,5,True,positive,-1.375,0,0.0,1.0925474694955748,7.9809521700395285,False,0,False,-8.25
sweep,0,7.0,6,False,negative,-0.875,0,0.0,1.038333284953387,7.1580269810201225,False,0,False,-8.25
sweep,1,7.0,0,False,negative,-0.125,0,0.0,0.9882381229543206,12.351285218805048,False,0,False,-6.0
sweep,1,7.0,1,True,positive,-21.5,0,0.0,1.5883460611909908,27.351778770888444,True,0,False,-6.0
sweep,1,7.0,2,True,positive,-9.75,0,0.0,1.0767405062116293,14.78211551613127,True,0,False,-6.0
sweep,1,7.0,3,False,negative,0.0,0,0.0,0.4493683516195751,5.5861509224836965,False,0,False,-6.0
sweep,1,7.0,4,False,negative,0.375,0,0.0,0.5370908628158001,6.8184132559637805,False,0,False,-6.0
sweep,1,7.0,5,True,positive,-0.09375,0,0.0,0.31062766475053927,4.59020513222812,False,0,False,-6.0
sweep,1,7.0,6,False,negative,0.5,0,0.0,0.6680773001896995,8.985372341058032,False,0,False,-6.0
sweep,2,7.0,0,False,negative,-1.90625,0,0.0,1.2015890046508033,15.95100894124203,False,0,False,-6.03125
sweep,2,7.0,1,True,positive,0.03125,0,0.0,0.7453191882569242,10.060597639846963,False,0,False,-6.03125
sweep,2,7.0,2,False,negative,0.21875,0,0.0,0.7496056995269301,7.250271760435867,False,0,False,-6.03125
sweep,2,7.0,3,False,negative,-0.03125,0,0.0,0.7756621728623232,6.944238115293268,False,0,False,-6.03125
sweep,2,7.0,4,True,positive,-0.9375,0,0.0,1.4307176453951265,13.940513287280806,False,0,False,-6.03125
sweep,2,7.0,5,False,negative,0.125,0,0.0,0.9510914433642691,8.85356996462056,False,0,False,-6.03125
sweep,3,7.0,0,False,negative,-21.09375,1,0.0,2.355148560848272,22.65023061750742,True,1,True,-4.15625
sweep,3,7.0,1,True,positive,0.453125,0,0.0,0.9512864446607155,9.865113507932765,False,1,True,-4.15625
sweep,3,7.0,2,True,positive,-1.0625,1,0.0,1.4147819287255727,16.71646390969819,True,1,True,-4.15625
sweep,3,7.0,3,False,negative,0.09375,1,0.0,0.5378852856766283,8.207520140173974,True,1,True,-4.15625
sweep,3,7.0,4,False,negative,-0.3125,1,0.0,0.5378979936244492,6.878762900534588,True,1,True,-4.15625
sweep,3,7.0,5,True,positive,0.21875,0,0.0,0.6586085882149554,8.260361049108498,False,1,True,-4.15625
sweep,3,7.0,6,False,negative,-0.28125,1,0.0,0.7334005769051917,10.073290469230688,True,1,True,-4.15625
sweep,4,7.0,0,False,negative,-4.0625,0,0.0,1.5919430533933308,12.29957029386505,True,0,False,-4.5
sweep,4,7.0,1,True,positive,-1.125,0,0.0,1.7678038952946011,15.976381630313314,False,0,False,-4.5
sweep,4,7.0,2,True,positive,-40.0,0,0.0,2.543494050375687,28.012791886193302,True,0,False,-4.5
sweep,4,7.0,3,False,negative,-0.6875,0,0.0,1.1969361662194984,8.51429171246321,False,0,False,-4.5
sweep,4,7.0,4,False,negative,-2.125,0,0.0,1.1840485083460108,7.316935896825888,True,0,False,-4.5
sweep,4,7.0,5,True,positive,-2.0625,0,0.0,0.527982167473583,7.441230594843848,True,0,False,-4.5
sweep,4,7.0,6,False,negative,-1.25,0,0.0,1.1531439587589865,7.431889674106488,False,0,False,-4.5
sweep,5,7.0,0,False,negative,0.1015625,0,0.0,0.4718099482405588,5.64143758466736,False,0,False,-1.328125
sweep,5,7.0,1,True,positive,0.28125,0,0.0,1.5000015581112973,11.951768529578363,False,0,False,-1.328125
sweep,5,7.0,2,True,positive,0.1328125,0,0.0,0.8212179030262283,10.26183005264341,False,0,False,-1.328125
sweep,5,7.0,3,False,negative,0.296875,0,0.0,1.448388165051267,9.185211064065845,False,0,False,-1.328125
sweep,5,7.0,4,False,negative,0.52734375,0,0.0,1.0849727418113777,7.660929384276323,False,0,False,-1.328125
sweep,5,7.0,5,True,positive,-0.84375,0,0.0,1.4675177377110726,8.41188228670068,False,0,False,-1.328125
sweep,5,7.0,6,False,negative,0.0703125,0,0.0,0.5140828907956787,6.055093976574688,False,0,False,-1.328125
sweep,6,7.0,0,False,negative,-0.34375,0,0.0,1.233642371513268,11.530685127775923,False,0,False,-2.5625
sweep,6,7.0,1,True,positive,-1.59375,0,0.0,1.242026141817302,8.598809816697628,False,0,False,-2.5625
sweep,6,7.0,2,False,negative,0.03125,0,0.0,0.6529792261384771,5.414497229126939,False,0,False,-2.5625
sweep,6,7.0,3,False,negative,-0.234375,0,0.0,0.7198341137474769,6.346291247428877,False,0,False,-2.5625
sweep,6,7.0,4,True,positive,-0.078125,0,0.0,1.5849655987742195,9.151464867911818,False,0,False,-2.5625
sweep,6,7.0,5,False,negative,-0.671875,0,0.0,1.0416846500290577,7.110154282085516,False,0,False,-2.5625
sweep,7,7.0,0,False,negative,0.15625,0,0.0,0.4529260296284883,8.4641095529916,False,0,False,-3.09375
sweep,7,7.0,1,True,positive,-1.6875,0,0.0,1.2969160625870393,14.946109976233597,False,0,False,-3.09375
sweep,7,7.0,2,True,positive,-1.125,0,0.0,1.0350145827769839,12.322097912254028,False,0,False,-3.09375
sweep,7,7.0,3,False,negative,0.25,0,0.0,0.5869223210768648,7.306804565599931,False,0,False,-3.09375
sweep,7,7.0,4,False,negative,0.21875,0,0.0,0.49759834788264534,6.889963476482261,False,0,False,-3.09375
sweep,7,7.0,5,True,positive,-1.375,0,0.0,1.233177629283903,13.040663546696935,False,0,False,-3.09375
sweep,7,7.0,6,False,negative,-0.3125,0,0.0,1.0433937189669324,11.634051514509734,False,0,False,-3.09375
sweep,8,7.0,0,False,negative,-3.4375,0,0.0,1.6418428117042707,18.55720113148157,True,0,False,-10.6875
sweep,8,7.0,1,True,positive,0.5625,0,0.0,1.040696747371671,9.321646965148558,False,0,False,-10.6875
sweep,8,7.0,2,True,positive,-0.9375,-1,0.0,0.6607898704259065,6.614929864523285,False,0,False,-10.6875
sweep,8,7.0,3,False,negative,-2.5625,0,0.0,0.8989489414417897,9.888230236022409,True,0,False,-10.6875
sweep,8,7.0,4,False,negative,-0.9375,-1,0.0,0.644582220029776,6.890628068007295,False,0,False,-10.6875
sweep,8,7.0,5,True,positive,-0.9375,0,0.0,0.7800214748351512,6.855417960412174,False,0,False,-10.6875
sweep,8,7.0,6,False,negative,-0.625,-1,0.0,0.6557337687723633,7.363682614768961,False,0,False,-10.6875
sweep,9,7.0,0,False,negative,0.3125,0,0.0,0.8058904732064034,8.287419624209283,False,0,False,-4.75
sweep,9,7.0,1,True,positive,0.5,0,0.0,1.5990852408000629,13.13156136137774,False,0,False,-4.75
sweep,9,7.0,2,True,positive,-16.5,0,0.0,2.2885131148839903,32.91431518327448,True,0,False,-4.75
sweep,9,7.0,3,False,negative,-0.625,0,0.0,0.5823385937605693,5.93332457254805,False,0,False,-4.75
sweep,9,7.0,4,False,negative,-0.0625,0,0.0,0.21293924967228062,2.152385655022479,False,0,False,-4.75
sweep,9,7.0,5,True,positive,-0.4375,0,0.0,0.9691930510646551,9.431762026087455,False,0,False,-4.75
sweep,9,7.0,6,False,negative,0.09375,0,0.0,0.2403838569348842,3.049468978770167,False,0,False,-4.75
sweep,0,10.0,0,True,positive,-23.75,0,0.0,0.9908392421028509,10.319342919646767,True,0,False,-40.25
sweep,0,10.0,1,False,negative,-0.25,0,0.0,0.47992123878186044,5.68383814383944,False,0,False,-40.25
sweep,0,10.0,2,True,positive,-23.25,0,0.0,0.6425243393484963,7.374087374461197,True,0,False,-40.25
sweep,0,10.0,3,True,positive,0.25,-1,0.0,0.28706800669169263,3.020519347756102,False,0,False,-40.25
sweep,0,10.0,4,True,positive,-11.75,0,0.0,0.4916683832489487,6.412559562503829,True,0,False,-40.25
sweep,0,10.0,5,False,negative,1.5,0,0.0,0.2127952660610471,3.2756463762144485,False,0,False,-40.25
sweep,0,10.0,6,False,negative,1.0,0,0.0,0.3727145315273035,3.6801285017417285,False,0,False,-40.25
sweep,0,10.0,7,True,positive,-11.0,0,0.0,0.6001185622931204,6.094658483938448,True,0,False,-40.25
sweep,0,10.0,8,False,negative,1.0,-1,0.0,0.4080520789508515,3.253792318493576,False,0,False,-40.25
sweep,0,10.0,9,False,negative,1.5,0,0.0,0.4050520860604822,3.791096545611121,False,0,False,-40.25
sweep,1,10.0,0,True,positive,-1.375,0,0.0,1.0638125883216514,14.350887466580367,False,0,False,-13.625
sweep,1,10.0,1,True,positive,-0.25,0,0.0,0.8402661732249311,14.10521461096666,False,0,False,-13.625
sweep,1,10.0,2,True,positive,-8.375,0,0.0,0.8868203983997278,16.450870102334175,True,0,False,-13.625
sweep,1,10.0,3,False,negative,-0.3125,0,0.0,0.45241428075018475,6.3234262790374824,False,0,False,-13.625
sweep,1,10.0,4,False,negative,-0.6875,0,0.0,0.3619127952348494,5.6575205598467315,False,0,False,-13.625
sweep,1,10.0,5,False,negative,-0.9375,0,0.0,0.22699400082570995,4.240421046506426,False,0,False,-13.625
sweep,1,10.0,6,True,positive,-0.4375,0,0.0,0.37747578359562756,5.661529635221921,False,0,False,-13.625
sweep,1,10.0,7,False,negative,-0.5625,0,0.0,0.3837092643054556,5.911538126172436,False,0,False,-13.625
sweep,1,10.0,8,True,positive,-16.25,0,0.0,1.311488289121429,17.906386623520948,True,0,False,-13.625
sweep,1,10.0,9,False,negative,0.4375,0,0.0,0.5184983716552822,7.37735912497685,False,0,False,-13.625
sweep,2,10.0,0,False,negative,-0.078125,0,0.0,1.266309078613226,11.061794005584789,False,1,True,-2.890625
sweep,2,10.0,1,True,positive,-0.3125,1,0.0,0.5774323114042703,5.410001394023693,True,1,True,-2.890625
sweep,2,10.0,2,False,negative,0.109375,1,0.0,0.5716004963058027,5.390738589189438,True,1,True,-2.890625
sweep,2,10.0,3,True,positive,-1.078125,1,0.0,0.809885925424116,8.96112860457397,True,1,True,-2.890625
sweep,2,10.0,4,False,negative,0.34375,1,0.0,0.6034580895615242,5.126102682037231,True,1,True,-2.890625
sweep,2,10.0,5,False,negative,-9.421875,1,0.0,2.1173993152784525,24.45195035375592,True,1,True,-2.890625
sweep,2,10.0,6,False,negative,-0.765625,1,0.0,0.9696091005546632,6.162435312928953,True,1,True,-2.890625
sweep,3,10.0,0,True,positive,-0.9375,0,0.0,1.8152639074275063,13.686809499650085,False,1,True,-4.90625
sweep,3,10.0,1,True,positive,0.03125,1,0.0,0.9598176438674545,10.460617598532602,True,1,True,-4.90625
sweep,3,10.0,2,True,positive,-0.5,0,0.0,0.8345867390836283,9.369216624841131,False,1,True,-4.90625
sweep,3,10.0,3,False,negative,-0.75,1,0.0,0.6133366091450172,9.774136055259952,True,1,True,-4.90625
sweep,3,10.0,4,False,negative,0.4375,0,0.0,0.6520142736708947,6.863201379653554,False,1,True,-4.90625
sweep,3,10.0,5,False,negative,-0.46875,1,0.0,0.7102240847849816,9.363230304151923,True,1,True,-4.90625
sweep,3,10.0,6,True,positive,0.28125,1,0.0,0.4365504886849588,5.658301022168437,True,1,True,-4.90625
sweep,3,10.0,7,False,negative,0.59375,0,0.0,0.4364898309126641,6.323897445772377,False,1,True,-4.90625
sweep,3,10.0,8,True,positive,0.5625,0,0.0,0.4918300071105233,6.416617504756309,False,1,True,-4.90625
sweep,3,10.0,9,False,negative,0.09375,0,0.0,0.6486852902466436,6.993654918219974,False,1,True,-4.90625
sweep,4,10.0,0,False,negative,-19.59375,0,0.0,2.618659964400062,26.650182383229133,True,0,False,-2.65625
sweep,4,10.0,1,True,positive,0.078125,0,0.0,1.009211647253652,11.095129294059962,False,0,False,-2.65625
sweep,4,10.0,2,False,negative,-0.015625,0,0.0,0.7275804241477605,6.540169195519701,False,0,False,-2.65625
sweep,4,10.0,3,False,negative,-0.140625,0,0.0,0.6845327781867733,6.732290805236121,False,0,False,-2.65625
sweep,4,10.0,4,True,positive,-0.265625,0,0.0,0.7407687838126977,10.20689122980567,False,0,False,-2.65625
sweep,4,10.0,5,False,negative,0.390625,0,0.0,0.44130850193015125,4.829001319661069,False,0,False,-2.65625
sweep,4,10.0,6,False,negative,0.03125,0,0.0,0.6637999792286509,5.433902969078184,False,0,False,-2.65625
sweep,4,10.0,7,True,positive,-0.46875,0,0.0,1.0132161793329109,9.67694947179264,False,0,False,-2.65625
sweep,5,10.0,0,True,positive,-0.4453125,0,0.0,1.6376636109932774,12.837564610151002,False,0,False,-1.8984375
sweep,5,10.0,1,True,positive,-0.4296875,0,0.0,0.7094175641793438,8.477312494987087,False,0,False,-1.8984375
sweep,5,10.0,2,True,positive,0.0,0,0.0,0.6689867365172105,8.15770859360201,False,0,False,-1.8984375
sweep,5,10.0,3,False,negative,0.1875,0,0.0,0.6296822692413709,7.499115243859254,False,0,False,-1.8984375
sweep,5,10.0,4,False,negative,0.3359375,0,0.0,0.915630980936385,8.049311515186112,False,0,False,-1.8984375
sweep,5,10.0,5,False,negative,0.3359375,0,0.0,1.2592509331179784,8.159773035595151,False,0,False,-1.8984375
sweep,5,10.0,6,True,positive,0.6640625,0,0.0,1.3162140438586782,8.23631530969477,False,0,False,-1.8984375
sweep,5,10.0,7,False,negative,0.34375,0,0.0,1.2943391745475996,8.08484877710434,False,0,False,-1.8984375
sweep,5,10.0,8,True,positive,0.109375,0,0.0,1.260225232932201,9.817850393801745,False,0,False,-1.8984375
sweep,5,10.0,9,False,negative,0.4609375,0,0.0,0.5978726685968395,6.76088628499751,False,0,False,-1.8984375
sweep,6,10.0,0,False,negative,-0.59375,0,0.0,1.463382211337265,9.923092531012603,False,0,False,-4.25
sweep,6,10.0,1,True,positive,-0.625,0,0.0,0.8671487346660612,6.3073915002550605,False,0,False,-4.25
sweep,6,10.0,2,False,negative,-3.46875,0,0.0,0.739180200831187,5.959188414981865,True,0,False,-4.25
sweep,6,10.0,3,True,positive,-14.875,0,0.0,1.5028304800420629,16.57050024133732,True,0,False,-4.25
sweep,6,10.0,4,False,negative,-1.125,0,0.0,0.6154386044460657,6.863993903913508,False,0,False,-4.25
sweep,6,10.0,5,False,negative,-1.40625,0,0.0,0.7729204615190186,6.9323661200335955,False,0,False,-4.25
sweep,6,10.0,6,False,negative,-0.78125,0,0.0,0.6336070843710306,5.37200273081955,False,0,False,-4.25
sweep,7,10.0,0,True,positive,-1.3125,0,0.0,1.2509312492035602,10.721989038941182,False,0,False,-2.6875
sweep,7,10.0,1,True,positive,-0.40625,0,0.0,0.9217822244584557,9.515375878506628,False,0,False,-2.6875
sweep,7,10.0,2,True,positive,-0.078125,0,0.0,0.38738382300111973,5.829200462556367,False,0,False,-2.6875
sweep,7,10.0,3,False,negative,0.34375,0,0.0,0.5090247109836968,6.7639614796615675,False,0,False,-2.6875
sweep,7,10.0,4,False,negative,0.15625,0,0.0,0.627827373079552,7.154303431617109,False,0,False,-2.6875
sweep,7,10.0,5,False,negative,-0.140625,0,0.0,0.3847517756287937,5.113543052167222,False,0,False,-2.6875
sweep,7,10.0,6,True,positive,-0.65625,0,0.0,0.6520751957100789,9.185892345818518,False,0,False,-2.6875
sweep,7,10.0,7,False,negative,0.203125,0,0.0,0.6369292907677763,6.681893443646949,False,0,False,-2.6875
sweep,7,10.0,8,True,positive,-2.78125,0,0.0,1.2417766588901564,12.701689411947129,True,0,False,-2.6875
sweep,7,10.0,9,False,negative,0.046875,0,0.0,0.6796351238887122,6.145138529072503,False,0,False,-2.6875
sweep,8,10.0,0,False,negative,-2.5625,0,0.0,1.5909185987942946,8.690042495685708,True,0,False,-5.625
sweep,8,10.0,1,True,positive,-1.625,0,0.0,0.8692837084646715,8.929587141682655,False,0,False,-5.625
sweep,8,10.0,2,True,positive,-0.5625,0,0.0,0.44807192492075604,5.058547660338383,False,0,False,-5.625
sweep,8,10.0,3,False,negative,-0.25,0,0.0,0.3838067985577946,4.042079575737952,False,0,False,-5.625
sweep,8,10.0,4,True,positive,-0.4375,0,0.0,0.47322453826888994,5.569807472963818,False,0,False,-5.625
sweep,8,10.0,5,False,negative,-0.375,0,0.0,0.5761089503438428,6.264881284012764,False,0,False,-5.625
sweep,8,10.0,6,False,negative,-0.03125,0,0.0,0.568755824323579,6.015514448827417,False,0,False,-5.625
sweep,8,10.0,7,True,positive,-12.125,0,0.0,1.6355300563465542,13.24377154989124,True,0,False,-5.625
sweep,8,10.0,8,False,negative,-0.59375,0,0.0,0.3585551180969999,3.9091443013259135,False,0,False,-5.625
sweep,8,10.0,9,True,positive,-0.5625,0,0.0,1.3197190539665251,11.372022923226686,False,0,False,-5.625
sweep,9,10.0,0,False,negative,-0.875,0,0.0,1.8720785791490329,13.588048201372855,False,0,False,-4.78125
sweep,9,10.0,1,True,positive,-19.34375,0,0.0,2.1565642278591937,23.274270050489644,True,0,False,-4.78125
sweep,9,10.0,2,False,negative,-0.28125,0,0.0,0.22422805634994564,4.363939353721649,False,0,False,-4.78125
sweep,9,10.0,3,False,negative,-0.46875,0,0.0,0.6390624991212029,6.921838231874419,False,0,False,-4.78125
sweep,9,10.0,4,True,positive,-0.40625,0,0.0,0.7592780037127942,9.098084662537211,False,0,False,-4.78125
sweep,9,10.0,5,False,negative,-0.28125,0,0.0,0.33982261393676577,4.200583302021991,False,0,False,-4.78125
sweep,9,10.0,6,False,negative,-0.1875,0,0.0,0.1357017939599875,2.1916732576432225,False,0,False,-4.78125
sweep,9,10.0,7,True,positive,-1.0,0,0.0,1.7016990657578188,16.72575144271955,False,0,False,-4.78125
en_refine,0,,0,,unknown,-1.0,0,0.0,0.49932744321543376,5.442007526022852,False,1,True,-4.53125
en_refine,0,,1,,unknown,0.0,0,0.0,0.3673241383989569,3.9178326950839346,False,1,True,-4.53125
en_refine,0,,2,,unknown,-0.125,0,0.0,0.29614205767497803,3.9059623581686505,False,1,True,-4.53125
en_refine,0,,3,,unknown,0.0,0,0.0,0.3529446473280948,3.334972242833339,False,1,True,-4.53125
en_refine,0,,4,,unknown,0.0,0,0.0,0.3529446473280948,3.334972242833339,False,1,True,-4.53125
en_refine,0,,5,,unknown,0.28125,0,0.0,0.28960175963263607,3.294047595981394,False,1,True,-4.53125
en_refine,0,,6,,unknown,0.0625,0,0.0,0.296599013468382,3.3194990555105983,False,1,True,-4.53125
en_refine,0,,7,,unknown,0.609375,0,0.0,0.35038936816493077,3.6446103819737625,False,1,True,-4.53125
en_refine,0,,8,,unknown,-0.09375,0,0.0,0.16865320599644282,1.8191841513844726,False,1,True,-4.53125
en_refine,0,,9,,unknown,-0.1875,0,0.0,0.398419068980515,3.810083259148693,False,1,True,-4.53125
en_refine,0,,10,,unknown,0.28125,0,0.0,0.47926936950603727,4.623460057272055,False,1,True,-4.53125
en_refine,0,,11,,unknown,0.125,0,0.0,0.33832600510292304,3.1864908089863158,False,1,True,-4.53125
en_refine,0,,12,,unknown,-0.03125,0,0.0,0.34015393165521324,3.118520000573641,False,1,True,-4.53125
en_refine,0,,13,,unknown,0.15625,0,0.0,0.29564916255369605,3.0252301636491,False,1,True,-4.53125
en_refine,0,,14,,unknown,0.125,0,0.0,0.32594003414773487,3.0858558207274087,False,1,True,-4.53125
en_refine,0,,15,,unknown,0.0625,0,0.0,0.38181044406723375,3.7025312395396694,False,1,True,-4.53125
en_refine,0,,16,,unknown,-0.03125,0,0.0,0.344052826733399,3.2676193341886735,False,1,True,-4.53125
en_refine,0,,17,,unknown,0.0,0,0.0,0.13480952810621094,1.5486473230762088,False,1,True,-4.53125
en_refine,0,,18,,unknown,-0.15625,0,0.0,0.40078955664330307,4.0885907206739045,False,1,True,-4.53125
en_refine,0,,19,,unknown,-0.34375,0,0.0,0.4760104940024988,4.122862404370474,False,1,True,-4.53125
en_refine,1,,0,,unknown,-0.515625,0,0.0,0.6744168377311089,8.958329495755416,False,1,True,-1.84375
en_refine,1,,1,,unknown,0.03125,0,0.0,0.35838901136754187,5.4604338033234265,False,1,True,-1.84375
en_refine,1,,2,,unknown,0.1328125,0,0.0,0.3054715017693612,5.0793686780821155,False,1,True,-1.84375
en_refine,1,,3,,unknown,0.03125,0,0.0,0.3627080145743208,5.260587048051865,False,1,True,-1.84375
en_refine,1,,4,,unknown,-0.0234375,0,0.0,0.35314823508433896,5.097216768523876,False,1,True,-1.84375
en_refine,1,,5,,unknown,-0.125,0,0.0,0.37438797499637105,5.994750662509129,False,1,True,-1.84375
en_refine,1,,6,,unknown,-0.1015625,0,0.0,0.27683686931719387,4.928796508138449,False,1,True,-1.84375
en_refine,1,,7,,unknown,-0.078125,0,0.0,0.34341193357243976,5.1292700517886365,False,1,True,-1.84375
en_refine,1,,8,,unknown,-0.0234375,0,0.0,0.4521538151904581,5.374081387264064,False,1,True,-1.84375
en_refine,1,,9,,unknown,-0.859375,0,0.0,0.5662090572771477,7.840185574014684,False,1,True,-1.84375
en_refine,1,,10,,unknown,-0.03125,0,0.0,0.25055545864236545,3.3234342954160323,False,1,True,-1.84375
en_refine,1,,11,,unknown,0.0625,0,0.0,0.1657803144565519,2.896667990776696,False,1,True,-1.84375
en_refine,1,,12,,unknown,-0.046875,0,0.0,0.1852239817964866,2.5785805179660857,False,1,True,-1.84375
en_refine,1,,13,,unknown,0.109375,0,0.0,0.16808878559282336,2.5314870493241477,False,1,True,-1.84375
en_refine,1,,14,,unknown,-0.03125,0,0.0,0.31788305771127773,4.573943821569294,False,1,True,-1.84375
en_refine,1,,15,,unknown,0.1015625,0,0.0,0.2235082129587456,3.876492150919356,False,1,True,-1.84375
en_refine,1,,16,,unknown,-0.09375,0,0.0,0.29179792276632377,4.3284613773607346,False,1,True,-1.84375
en_refine,1,,17,,unknown,0.0234375,0,0.0,0.24389723388585577,3.9084563860934223,False,1,True,-1.84375
en_refine,1,,18,,unknown,-0.0078125,0,0.0,0.21645111475449758,3.7565212700423496,False,1,True,-1.84375
en_refine,1,,19,,unknown,-0.1328125,0,0.0,0.29609640179199914,4.226794273470173,False,1,True,-1.84375
en_refine,1,,20,,unknown,0.0078125,0,0.0,0.22891038658965887,3.5068943313623415,False,1,True,-1.84375
en_refine,1,,21,,unknown,-0.0546875,0,0.0,0.22738743214033344,3.5246530725277023,False,1,True,-1.84375
en_refine,1,,22,,unknown,0.0390625,0,0.0,0.1550078004906732,2.843362623651695,False,1,True,-1.84375
en_refine,1,,23,,unknown,-0.125,0,0.0,0.31318487826145464,5.316816603784362,False,1,True,-1.84375
en_refine,1,,24,,unknown,-0.1875,0,0.0,0.2795902649800797,4.422402516032327,False,1,True,-1.84375
en_refine,1,,25,,unknown,-0.140625,0,0.0,0.3337785804004597,4.508809156064384,False,1,True,-1.84375
en_refine,1,,26,,unknown,0.109375,0,0.0,0.35433240523387005,4.586562298561934,False,1,True,-1.84375
en_refine,1,,27,,unknown,-0.109375,0,0.0,0.3853404662456995,4.345689360153337,False,1,True,-1.84375
en_refine,2,,0,,unknown,0.296875,0,0.0,0.624019888791798,8.498009127513814,False,1,True,-4.25
en_refine,2,,1,,unknown,-0.65625,0,0.0,0.46300995654032145,7.705958828264063,False,1,True,-4.25
en_refine,2,,2,,unknown,-3.375,0,0.0,0.3958625343246122,5.8024337232928955,True,1,True,-4.25
en_refine,2,,3,,unknown,0.625,0,0.0,0.3806371361472394,4.924953524600506,False,1,True,-4.25
en_refine,2,,4,,unknown,-0.28125,0,0.0,0.5855380452089552,6.641170858393071,False,1,True,-4.25
en_refine,2,,5,,unknown,-1.4375,0,0.0,0.5554526290538794,7.214987833210096,False,1,True,-4.25
en_refine,2,,6,,unknown,-0.15625,0,0.0,0.5895865257241557,5.622331104182766,False,1,True,-4.25
en_refine,2,,7,,unknown,-0.21875,0,0.0,0.5196484674969576,5.05910273415295,False,1,True,-4.25
en_refine,2,,8,,unknown,-0.1875,0,0.0,0.49581739875560166,4.7905406916187925,False,1,True,-4.25
en_refine,2,,9,,unknown,-0.1875,0,0.0,0.5115557218695326,4.663113234981586,False,1,True,-4.25
en_refine,2,,10,,unknown,-0.09375,0,0.0,0.2571169661161595,3.1399468956185954,False,1,True,-4.25
en_refine,2,,11,,unknown,-0.25,0,0.0,0.20963920749751724,2.3164191509680436,False,1,True,-4.25
en_refine,2,,12,,unknown,-0.21875,0,0.0,0.5073432600329552,4.586028886942929,False,1,True,-4.25
en_refine,2,,13,,unknown,-0.34375,0,0.0,0.5017051176493678,4.775507369729418,False,1,True,-4.25
en_refine,2,,14,,unknown,-0.09375,0,0.0,0.508854669699627,4.899635320661703,False,1,True,-4.25
en_refine,2,,15,,unknown,-0.21875,0,0.0,0.5265038281400687,5.061219372856036,False,1,True,-4.25
en_refine,2,,16,,unknown,-0.1875,0,0.0,0.5184606253669514,4.1567740136903195,False,1,True,-4.25
en_refine,2,,17,,unknown,0.28125,0,0.0,0.6208467405544911,5.032249026741524,False,1,True,-4.25
en_refine,2,,18,,unknown,0.0625,0,0.0,0.595914228855897,4.4281603129101335,False,1,True,-4.25
en_refine,2,,19,,unknown,0.03125,0,0.0,0.5961763670570225,4.662496659736601,False,1,True,-4.25
en_refine,2,,20,,unknown,-0.125,0,0.0,0.18472562068339818,1.8621992058821206,False,1,True,-4.25
en_refine,2,,21,,unknown,-0.3125,0,0.0,0.6082884519940771,4.877790453104524,False,1,True,-4.25
en_refine,2,,22,,unknown,-0.21875,0,0.0,0.6258101803384494,4.8454311358524835,False,1,True,-4.25
en_refine,2,,23,,unknown,0.0,0,0.0,0.6309071708373838,5.028803152409683,False,1,True,-4.25
en_refine,2,,24,,unknown,-0.1875,0,0.0,0.4786817368003788,4.871803814684697,False,1,True,-4.25
en_refine,2,,25,,unknown,-0.21875,0,0.0,0.32897344046461724,3.4200489881933955,False,1,True,-4.25
en_refine,2,,26,,unknown,-0.25,0,0.0,0.27990142067647106,3.5120201127699375,False,1,True,-4.25
en_refine,2,,27,,unknown,-0.21875,0,0.0,0.3234233037390213,3.6677536475051817,False,1,True,-4.25
en_refine,2,,28,,unknown,0.0625,0,0.0,0.3177067213889478,3.541159312097404,False,1,True,-4.25
en_refine,2,,29,,unknown,-0.03125,0,0.0,0.4232314255687871,5.2416781399030405,False,1,True,-4.25
en_refine,3,,0,,unknown,-2.25390625,0,0.0,2.3160275340395327,15.10692599212704,True,1,True,-0.90234375
en_refine,3,,1,,unknown,-0.62890625,0,0.0,1.315969874028283,10.617610220744341,False,1,True,-0.90234375
en_refine,3,,2,,unknown,-0.30859375,0,0.0,0.8600217245367683,8.212814339754607,False,1,True,-0.90234375
en_refine,3,,3,,unknown,-0.01171875,0,0.0,0.7092464023346516,6.303019715420219,False,1,True,-0.90234375
en_refine,3,,4,,unknown,-0.03515625,0,0.0,0.8362814999457681,7.360177704840938,False,1,True,-0.90234375
en_refine,3,,5,,unknown,-0.03515625,0,0.0,0.7166579896066169,6.550008721606908,False,1,True,-0.90234375
en_refine,3,,6,,unknown,-0.0703125,0,0.0,0.7503810651985761,6.909385903402128,False,1,True,-0.90234375
en_refine,3,,7,,unknown,-0.078125,0,0.0,0.5647031489406499,5.455972925482533,False,1,True,-0.90234375
en_refine,3,,8,,unknown,-0.08203125,0,0.0,0.560928339115674,5.445946715707089,False,1,True,-0.90234375
en_refine,3,,9,,unknown,-0.0703125,0,0.0,0.5125907327604854,4.819462140144639,False,1,True,-0.90234375
en_refine,3,,10,,unknown,-0.07421875,0,0.0,0.5862490521204173,5.489451309060974,False,1,True,-0.90234375
en_refine,3,,11,,unknown,-0.10546875,0,0.0,0.5646006001245092,5.356366432204806,False,1,True,-0.90234375
en_refine,3,,12,,unknown,-0.0859375,0,0.0,0.5792776501795526,5.5958336952801035,False,1,True,-0.90234375
en_refine,3,,13,,unknown,-0.09375,0,0.0,0.4804707709905812,4.6187027665276075,False,1,True,-0.90234375
en_refine,3,,14,,unknown,-0.14453125,0,0.0,0.562307159162377,5.706389148777855,False,1,True,-0.90234375
en_refine,3,,15,,unknown,-0.14453125,0,0.0,0.663306170200795,7.21351519508965,False,1,True,-0.90234375
en_refine,3,,16,,unknown,-0.18359375,0,0.0,0.6136445145155534,6.114893291036823,False,1,True,-0.90234375
en_refine,3,,17,,unknown,-0.01171875,0,0.0,0.3105119673754859,3.5581204485449143,False,1,True,-0.90234375
en_refine,3,,18,,unknown,-0.0234375,0,0.0,0.37235139500257414,3.561311349821724,False,1,True,-0.90234375
en_refine,3,,19,,unknown,0.01953125,0,0.0,0.3395474120204715,3.884384763300028,False,1,True,-0.90234375
en_refine,3,,20,,unknown,-0.11328125,0,0.0,0.3510562549949991,4.712810145365334,False,1,True,-0.90234375
en_refine,3,,21,,unknown,-0.015625,0,0.0,0.40148726338294277,4.681247165671229,False,1,True,-0.90234375
en_refine,4,,0,,unknown,-0.15625,0,0.0,0.979111858360049,10.338189385738788,False,1,True,-2.34375
en_refine,4,,1,,unknown,-0.328125,0,0.0,0.5157931682045673,7.642702284115462,False,1,True,-2.34375
en_refine,4,,2,,unknown,-0.296875,0,0.0,0.4685936277376426,6.176471764576966,False,1,True,-2.34375
en_refine,4,,3,,unknown,-0.1875,0,0.0,0.36944366103762816,4.806628172623149,False,1,True,-2.34375
en_refine,4,,4,,unknown,-0.125,0,0.0,0.34514206127499414,4.797680174447373,False,1,True,-2.34375
en_refine,4,,5,,unknown,-0.0625,0,0.0,0.2699250940991701,3.7817919807116436,False,1,True,-2.34375
en_refine,4,,6,,unknown,-0.03125,0,0.0,0.3157915575741166,4.210498987543902,False,1,True,-2.34375
en_refine,4,,7,,unknown,-0.03125,0,0.0,0.3121372376750331,3.8336925194033835,False,1,True,-2.34375
en_refine,4,,8,,unknown,-0.0625,0,0.0,0.17015042837127328,2.771031514321255,False,1,True,-2.34375
en_refine,4,,9,,unknown,0.03125,0,0.0,0.13968719819183542,2.128896633638324,False,1,True,-2.34375
en_refine,4,,10,,unknown,0.0625,0,0.0,0.14131598153356043,2.311388038910483,False,1,True,-2.34375
en_refine,4,,11,,unknown,-0.203125,0,0.0,0.3424295582862494,4.6326958493799815,False,1,True,-2.34375
en_refine,4,,12,,unknown,-0.265625,0,0.0,0.34035352128323676,4.50846117457706,False,1,True,-2.34375
en_refine,4,,13,,unknown,-0.171875,0,0.0,0.3456415004481616,4.760968439683287,False,1,True,-2.34375
en_refine,4,,14,,unknown,-0.203125,0,0.0,0.3384660995038839,4.395274487368877,False,1,True,-2.34375
en_refine,4,,15,,unknown,-0.234375,0,0.0,0.3290074718477251,4.2925591867464865,False,1,True,-2.34375
en_refine,4,,16,,unknown,-0.15625,0,0.0,0.3239519363871266,4.164245348600139,False,1,True,-2.34375
en_refine,4,,17,,unknown,-0.078125,0,0.0,0.34951232720858877,4.481163604161647,False,1,True,-2.34375
en_refine,4,,18,,unknown,-0.109375,0,0.0,0.33727154425119116,4.339332417120683,False,1,True,-2.34375
en_refine,4,,19,,unknown,-0.15625,0,0.0,0.3334475688307377,4.26459097646187,False,1,True,-2.34375
en_refine,4,,20,,unknown,-0.09375,0,0.0,0.44261703671052505,5.179286373405619,False,1,True,-2.34375
en_refine,4,,21,,unknown,0.03125,0,0.0,0.40400199801045417,4.948934358597678,False,1,True,-2.34375
en_refine,4,,22,,unknown,-0.234375,0,0.0,0.3704993612695157,4.552901889410676,False,1,True,-2.34375
en_refine,4,,23,,unknown,-0.203125,0,0.0,0.37660926170012565,4.516336815548765,False,1,True,-2.34375
en_refine,4,,24,,unknown,0.03125,0,0.0,0.3095680480768924,3.5484184315789506,False,1,True,-2.34375
en_refine,4,,25,,unknown,-0.03125,0,0.0,0.3726702268714547,4.512983937939612,False,1,True,-2.34375
en_refine,4,,26,,unknown,-0.1875,0,0.0,0.3512627266414738,4.2538779843105585,False,1,True,-2.34375
en_refine,4,,27,,unknown,-0.046875,0,0.0,0.34745041312672686,4.120186606325376,False,1,True,-2.34375
en_refine,4,,28,,unknown,0.0,0,0.0,0.3505165036320729,4.2769349609339855,False,1,True,-2.34375
en_refine,4,,29,,unknown,-0.203125,0,0.0,0.39613611624091827,4.637501545501506,False,1,True,-2.34375
en_refine,4,,30,,unknown,0.046875,0,0.0,0.3045586597043662,3.668413823949555,False,1,True,-2.34375
en_refine,4,,31,,unknown,-0.0625,0,0.0,0.3856089042181498,4.187735358206147,False,1,True,-2.34375
en_refine,5,,0,,unknown,0.453125,0,0.0,0.5000110609670664,7.660643908849924,False,1,True,-1.671875
en_refine,5,,1,,unknown,0.1953125,0,0.0,0.42104713687610296,5.2583314559759256,False,1,True,-1.671875
en_refine,5,,2,,unknown,0.234375,0,0.0,0.35746328806684935,5.159613032590527,False,1,True,-1.671875
en_refine,5,,3,,unknown,0.2734375,0,0.0,0.34901567338760997,4.040458747412794,False,1,True,-1.671875
en_refine,5,,4,,unknown,0.25,0,0.0,0.36798642591949293,4.384007006748296,False,1,True,-1.671875
en_refine,5,,5,,unknown,0.3125,0,0.0,0.34596343984879,4.705165696299689,False,1,True,-1.671875
en_refine,5,,6,,unknown,0.1953125,0,0.0,0.3601133246906318,4.353985910308421,False,1,True,-1.671875
en_refine,5,,7,,unknown,0.0625,0,0.0,0.25441885654808566,2.8117836864388823,False,1,True,-1.671875
en_refine,5,,8,,unknown,0.2109375,0,0.0,0.2099722287290299,2.4935626923986014,False,1,True,-1.671875
en_refine,5,,9,,unknown,-0.0234375,0,0.0,0.22144602985368433,4.89322493753879,False,1,True,-1.671875
en_refine,5,,10,,unknown,0.1796875,0,0.0,0.21536860020364648,2.8140458259434884,False,1,True,-1.671875
en_refine,5,,11,,unknown,-0.375,0,0.0,0.2968246800377262,3.9569744359943795,False,1,True,-1.671875
en_refine,5,,12,,unknown,0.2421875,0,0.0,0.34069065619994393,3.9650980224618158,False,1,True,-1.671875
en_refine,5,,13,,unknown,0.2578125,0,0.0,0.3238270661439785,4.28842808722395,False,1,True,-1.671875
en_refine,5,,14,,unknown,0.234375,0,0.0,0.4202554855136818,4.660763585940975,False,1,True,-1.671875
en_refine,5,,15,,unknown,0.125,0,0.0,0.3549234686050813,4.106179147485347,False,1,True,-1.671875
en_refine,5,,16,,unknown,0.1875,0,0.0,0.3260273481163637,4.318708581786978,False,1,True,-1.671875
en_refine,5,,17,,unknown,0.25,0,0.0,0.22269908708819655,3.4229078417730716,False,1,True,-1.671875
en_refine,5,,18,,unknown,0.265625,0,0.0,0.3008596292232945,3.9407328736708678,False,1,True,-1.671875
en_refine,5,,19,,unknown,0.1328125,0,0.0,0.17305054455800906,2.1631219875904124,False,1,True,-1.671875
en_refine,5,,20,,unknown,0.2109375,0,0.0,0.18009060584632286,2.4805320506573674,False,1,True,-1.671875
en_refine,5,,21,,unknown,0.109375,0,0.0,0.2277151631253825,3.2665036531336273,False,1,True,-1.671875
en_refine,5,,22,,unknown,0.1171875,0,0.0,0.24308005709000333,3.4384542336467754,False,1,True,-1.671875
en_refine,5,,23,,unknown,0.0390625,0,0.0,0.34033232285101717,4.309748770942511,False,1,True,-1.671875
en_refine,5,,24,,unknown,0.0234375,0,0.0,0.2978413292562693,3.325085583034009,False,1,True,-1.671875
en_refine,6,,0,,unknown,-2.125,0,0.0,1.0167331025223811,8.638747657125638,True,1,True,-4.3125
en_refine,6,,1,,unknown,0.0,0,0.0,0.31985143144719985,3.606097094571871,False,1,True,-4.3125
en_refine,6,,2,,unknown,-0.0625,0,0.0,0.4682794056632063,5.5805719123762945,False,1,True,-4.3125
en_refine,6,,3,,unknown,-0.03125,0,0.0,0.4797185227264915,5.177474329749142,False,1,True,-4.3125
en_refine,6,,4,,unknown,0.21875,0,0.0,0.45980775992654593,5.100529451446285,False,1,True,-4.3125
en_refine,6,,5,,unknown,-0.21875,0,0.0,0.35534206197383755,5.410975013154361,False,1,True,-4.3125
en_refine,6,,6,,unknown,0.0,0,0.0,0.30354704465363586,3.876586293259164,False,1,True,-4.3125
en_refine,6,,7,,unknown,0.09375,0,0.0,0.29134207599447554,3.7775404099550896,False,1,True,-4.3125
en_refine,6,,8,,unknown,0.125,0,0.0,0.3051307678621412,3.9010528111447234,False,1,True,-4.3125
en_refine,6,,9,,unknown,-0.1875,0,0.0,0.3190617463063905,4.367536314240091,False,1,True,-4.3125
en_refine,6,,10,,unknown,0.09375,0,0.0,0.31627086374060187,3.878834385312844,False,1,True,-4.3125
en_refine,6,,11,,unknown,0.0625,0,0.0,0.3051574249239167,3.929433620477398,False,1,True,-4.3125
en_refine,6,,12,,unknown,0.21875,0,0.0,0.30645298013583305,3.8139774162623734,False,1,True,-4.3125
en_refine,6,,13,,unknown,0.0,0,0.0,0.3174463547698773,3.9390806046829074,False,1,True,-4.3125
en_refine,6,,14,,unknown,0.25,0,0.0,0.30554224285520143,3.888268359914586,False,1,True,-4.3125
en_refine,6,,15,,unknown,-0.03125,0,0.0,0.3483567205562169,3.0447775724984893,False,1,True,-4.3125
en_refine,6,,16,,unknown,-0.1875,0,0.0,0.22203647031822688,3.109482211808315,False,1,True,-4.3125
en_refine,7,,0,,unknown,0.8125,0,0.0,0.962194465002641,13.510884436270326,False,1,True,-3.625
en_refine,7,,1,,unknown,0.53125,0,0.0,0.48767679271032616,7.872409106018745,False,1,True,-3.625
en_refine,7,,2,,unknown,-0.265625,0,0.0,0.42362080068487734,6.2631086356351515,False,1,True,-3.625
en_refine,7,,3,,unknown,-0.5625,0,0.0,0.30298032431386784,5.974803616640035,False,1,True,-3.625
en_refine,7,,4,,unknown,-0.21875,0,0.0,0.3108995746007815,3.5167850005782575,False,1,True,-3.625
en_refine,7,,5,,unknown,0.5625,0,0.0,0.7097076369846483,8.599029700900065,False,1,True,-3.625
en_refine,7,,6,,unknown,0.0,0,0.0,0.3775914173201158,6.260433837576973,False,1,True,-3.625
en_refine,7,,7,,unknown,-0.234375,0,0.0,0.1758246154711233,3.086937613205023,False,1,True,-3.625
en_refine,7,,8,,unknown,0.421875,0,0.0,0.2859401662166287,3.8715679268683876,False,1,True,-3.625
en_refine,7,,9,,unknown,0.078125,0,0.0,0.29547336066479873,4.124446124934308,False,1,True,-3.625
en_refine,7,,10,,unknown,0.125,0,0.0,0.3449713829162375,4.281931873395103,False,1,True,-3.625
en_refine,7,,11,,unknown,0.3125,0,0.0,0.2994972526524778,3.898789230049337,False,1,True,-3.625
en_refine,7,,12,,unknown,0.25,0,0.0,0.29424463944156704,3.9726942476334908,False,1,True,-3.625
en_refine,7,,13,,unknown,0.28125,0,0.0,0.31902358369272055,4.533238119251953,False,1,True,-3.625
en_refine,7,,14,,unknown,0.109375,0,0.0,0.2767238355129332,3.9181301580517585,False,1,True,-3.625
en_refine,7,,15,,unknown,0.234375,0,0.0,0.2772366009316408,3.8267676095838516,False,1,True,-3.625
en_refine,7,,16,,unknown,0.125,0,0.0,0.3039394484822822,4.405891762469822,False,1,True,-3.625
en_refine,7,,17,,unknown,0.28125,0,0.0,0.2966824075362778,4.602293912401339,False,1,True,-3.625
en_refine,7,,18,,unknown,0.15625,0,0.0,0.31342967721053017,4.325819840212832,False,1,True,-3.625
en_refine,7,,19,,unknown,0.140625,0,0.0,0.27732100099262763,4.027730978756504,False,1,True,-3.625
en_refine,7,,20,,unknown,0.25,0,0.0,0.30262395253785274,3.7649909091622096,False,1,True,-3.625
en_refine,7,,21,,unknown,0.359375,0,0.0,0.2859978636968782,3.826684478382228,False,1,True,-3.625
en_refine,7,,22,,unknown,0.28125,0,0.0,0.2930611250722946,3.84714044075785,False,1,True,-3.625
en_refine,7,,23,,unknown,0.390625,0,0.0,0.28879320825607085,3.856711070417527,False,1,True,-3.625
en_refine,7,,24,,unknown,-0.078125,0,0.0,0.1734547389602354,2.362850636365426,False,1,True,-3.625
en_refine,7,,25,,unknown,0.0,0,0.0,0.17735542319109593,2.4891918684497587,False,1,True,-3.625
en_refine,7,,26,,unknown,-0.140625,0,0.0,0.19679937287496935,2.944548074235154,False,1,True,-3.625
en_refine,7,,27,,unknown,-0.125,0,0.0,0.17727471686873406,2.383470086053277,False,1,True,-3.625
en_refine,7,,28,,unknown,-0.203125,0,0.0,0.19239414684769296,2.830733167309794,False,1,True,-3.625
en_refine,7,,29,,unknown,-0.140625,0,0.0,0.26521466137814254,3.177507121522826,False,1,True,-3.625
en_refine,8,,0,,unknown,-1.46875,0,0.0,0.8862752844719923,7.504320420901342,False,1,True,-1.28125
en_refine,8,,1,,unknown,-0.890625,0,0.0,0.6368014319624425,5.971140452755066,False,1,True,-1.28125
en_refine,8,,2,,unknown,0.234375,0,0.0,0.5453272091240344,5.530262060281473,False,1,True,-1.28125
en_refine,8,,3,,unknown,0.4375,0,0.0,0.6673542205493024,6.586803655658817,False,1,True,-1.28125
en_refine,8,,4,,unknown,0.1328125,0,0.0,0.42136183843356834,4.1245180155028285,False,1,True,-1.28125
en_refine,8,,5,,unknown,-0.265625,0,0.0,0.44462679698613067,4.310146391384498,False,1,True,-1.28125
en_refine,8,,6,,unknown,0.0078125,0,0.0,0.24311830848494587,2.436590395992298,False,1,True,-1.28125
en_refine,8,,7,,unknown,0.09375,0,0.0,0.45504263276793294,4.554241748544313,False,1,True,-1.28125
en_refine,8,,8,,unknown,0.0,0,0.0,0.3745446732760816,4.141677303757741,False,1,True,-1.28125
en_refine,8,,9,,unknown,0.0546875,0,0.0,0.25995970968868953,3.238018123166413,False,1,True,-1.28125
en_refine,8,,10,,unknown,0.0,0,0.0,0.3150529179154905,3.779850002054931,False,1,True,-1.28125
en_refine,8,,11,,unknown,0.0546875,0,0.0,0.2744051079211973,3.5050819388284746,False,1,True,-1.28125
en_refine,8,,12,,unknown,0.1328125,0,0.0,0.29838001592085284,3.771670249420311,False,1,True,-1.28125
en_refine,8,,13,,unknown,-0.0078125,0,0.0,0.3426631200103846,4.010715857496183,False,1,True,-1.28125
en_refine,8,,14,,unknown,-0.0078125,0,0.0,0.3508096586363123,3.8799241222111984,False,1,True,-1.28125
en_refine,8,,15,,unknown,-0.0078125,0,0.0,0.3615754221450727,3.9521192370836005,False,1,True,-1.28125
en_refine,8,,16,,unknown,0.015625,0,0.0,0.26919929629138944,2.9324198883563537,False,1,True,-1.28125
en_refine,8,,17,,unknown,0.015625,0,0.0,0.34609784165078095,3.7493843744435376,False,1,True,-1.28125
en_refine,8,,18,,unknown,-0.03125,0,0.0,0.34895414899203364,3.898364819774178,False,1,True,-1.28125
en_refine,8,,19,,unknown,-0.0390625,0,0.0,0.35451398787323996,4.270234529181117,False,1,True,-1.28125
en_refine,8,,20,,unknown,-0.0859375,0,0.0,0.36218022662704885,3.4631129143986343,False,1,True,-1.28125
en_refine,8,,21,,unknown,-0.34375,0,0.0,0.49070163782984005,4.353314275744936,False,1,True,-1.28125
en_refine,8,,22,,unknown,-0.09375,0,0.0,0.36972824338090887,3.755666760009655,False,1,True,-1.28125
en_refine,8,,23,,unknown,0.0,0,0.0,0.25888261491161874,2.951961111694454,False,1,True,-1.28125
en_refine,8,,24,,unknown,0.0234375,0,0.0,0.37293616657796963,4.230375267443532,False,1,True,-1.28125
en_refine,8,,25,,unknown,0.171875,0,0.0,0.337546403968792,3.5765147801665313,False,1,True,-1.28125
en_refine,8,,26,,unknown,0.1796875,0,0.0,0.2206352490617215,2.6374386842976,False,1,True,-1.28125
en_refine,8,,27,,unknown,-0.0546875,0,0.0,0.29069341789865716,2.7763927238275663,False,1,True,-1.28125
en_refine,8,,28,,unknown,-0.09375,0,0.0,0.28036136594792227,2.70322079792762,False,1,True,-1.28125
en_refine,8,,29,,unknown,0.0859375,0,0.0,0.24566541567205316,2.661688772688043,False,1,True,-1.28125
en_refine,8,,30,,unknown,0.0234375,0,0.0,0.21107232909219278,2.2660520151377677,False,1,True,-1.28125
en_refine,8,,31,,unknown,0.0078125,0,0.0,0.25664241098669005,2.6578624868226797,False,1,True,-1.28125
en_refine,9,,0,,unknown,0.349609375,0,0.0,1.6099363387300738,8.60244408542306,False,1,True,-0.63671875
en_refine,9,,1,,unknown,0.12890625,0,0.0,0.7523176658675196,6.453700989010569,False,1,True,-0.63671875
en_refine,9,,2,,unknown,-0.2265625,0,0.0,0.7850648998458979,6.5115949528891806,False,1,True,-0.63671875
en_refine,9,,3,,unknown,-0.09765625,1,0.0,0.37970710036139643,4.8251232645712765,True,1,True,-0.63671875
en_refine,9,,4,,unknown,0.078125,0,0.0,0.34043499067774025,4.442506781560381,False,1,True,-0.63671875
en_refine,9,,5,,unknown,-0.11328125,0,0.0,0.4079970745532925,5.374742110552952,False,1,True,-0.63671875
en_refine,9,,6,,unknown,-0.12890625,0,0.0,0.42443501346217877,4.9261326238459455,False,1,True,-0.63671875
en_refine,9,,7,,unknown,-0.09375,0,0.0,0.38765548088383633,4.810425729539504,False,1,True,-0.63671875
en_refine,9,,8,,unknown,-0.01953125,0,0.0,0.37206587484506826,4.344633362463987,False,1,True,-0.63671875
en_refine,9,,9,,unknown,-0.05078125,0,0.0,0.3567618552820253,3.7707923266727543,False,1,True,-0.63671875
en_refine,9,,10,,unknown,0.0546875,0,0.0,0.33279056585783673,3.982028940088843,False,1,True,-0.63671875
en_refine,9,,11,,unknown,-0.05078125,0,0.0,0.3931257962386107,4.854430619508706,False,1,True,-0.63671875
en_refine,9,,12,,unknown,-0.0546875,0,0.0,0.31967759602558266,3.0178706513703895,False,1,True,-0.63671875
en_refine,9,,13,,unknown,-0.13671875,0,0.0,0.3422637912088011,3.589922079149621,False,1,True,-0.63671875
en_refine,9,,14,,unknown,0.015625,0,0.0,0.3426816332886782,3.7671979401874336,False,1,True,-0.63671875
en_refine,9,,15,,unknown,-0.1328125,0,0.0,0.3452564800554574,4.568840689151544,False,1,True,-0.63671875
en_refine,9,,16,,unknown,-0.1796875,0,0.0,0.34606428235927456,4.564323595196409,False,1,True,-0.63671875
en_refine,9,,17,,unknown,-0.06640625,0,0.0,0.3734906384737126,4.502324979346303,False,1,True,-0.63671875
en_refine,9,,18,,unknown,-0.12109375,0,0.0,0.308584594522409,2.808544915793775,False,1,True,-0.63671875
en_refine,9,,19,,unknown,0.05078125,0,0.0,0.09440230574392103,1.6253001408324028,False,1,True,-0.63671875
en_refine,9,,20,,unknown,0.05078125,0,0.0,0.09440230574392103,1.6253001408324028,False,1,True,-0.63671875
en_refine,9,,21,,unknown,-0.05859375,0,0.0,0.34314606560165406,3.4662856742695523,False,1,True,-0.63671875
en_refine,9,,22,,unknown,0.05078125,0,0.0,0.21693838430638987,2.710200615561639,False,1,True,-0.63671875
en_refine,9,,23,,unknown,0.05078125,0,0.0,0.21693838430638987,2.710200615561639,False,1,True,-0.63671875
en_refine,9,,24,,unknown,0.04296875,0,0.0,0.33030150740628095,4.000156158147304,False,1,True,-0.63671875
en_refine,9,,25,,unknown,-0.28515625,0,0.0,0.36146581840013914,4.897897686280804,False,1,True,-0.63671875
en_refine,9,,26,,unknown,0.03125,0,0.0,0.10542834264840431,1.7243267112659588,False,1,True,-0.63671875
en_refine,9,,27,,unknown,0.03125,0,0.0,0.10542834264840431,1.7243267112659588,False,1,True,-0.63671875
en_refine,9,,28,,unknown,-0.0234375,0,0.0,0.16784477429250683,2.030796573734992,False,1,True,-0.63671875
en_refine,9,,29,,unknown,0.0234375,0,0.0,0.10877533470691511,1.7431130609289855,False,1,True,-0.63671875
en_refine,9,,30,,unknown,0.0078125,0,0.0,0.2128424509499375,2.479751654624133,False,1,True,-0.63671875
en_refine,9,,31,,unknown,0.01171875,0,0.0,0.21692030018363917,2.9057193635813827,False,1,True,-0.63671875
en_refine,9,,32,,unknown,-0.01953125,0,0.0,0.1913464472761955,2.522148342659269,False,1,True,-0.63671875
en_refine,9,,33,,unknown,-0.015625,0,0.0,0.19466276950371678,2.7064559171475655,False,1,True,-0.63671875
en_refine,9,,34,,unknown,-0.0234375,0,0.0,0.2438135710870457,2.9249559816144943,False,1,True,-0.63671875
en_refine,9,,35,,unknown,-0.05078125,0,0.0,0.2789050434203857,2.980562304722654,False,1,True,-0.63671875
en_refine,9,,36,,unknown,-0.04296875,0,0.0,0.17996288599036941,2.4364631974688873,False,1,True,-0.63671875
en_refine,9,,37,,unknown,-0.0703125,0,0.0,0.24213737922925307,3.1082072225813824,False,1,True,-0.63671875
en_refine,9,,38,,unknown,0.0625,0,0.0,0.22070382114304105,2.834491942669449,False,1,True,-0.63671875
